US20090037886A1,1
US20210399903A1,1
US11204878B1,1
US11206023B1,1
US20210390777A1,1
US20210390367A1,1
US20210390059A1,1
US20210389934A1,1
US20210383050A1,1
US11204738B1,1
US20210382306A1,1
US11189005B1,1
US11188475B1,1
US20210374508A1,1
US11205077B1,1
US20210374293A1,1
US20210373889A1,1
US20210373873A1,1
US11181957B1,1
US20210365764A1,1
US20210357228A1,1
US11169806B1,1
US20210350240A1,1
US20210334643A1,1
US20210334019A1,1
US20210334164A1,1
US20210333320A1,1
US11157284B1,1
US11138786B1,1
US11132200B1,1
US11132835B1,1
US20210304816A1,1
US20210303683A1,1
US20210299569A1,1
US20210303992A1,1
US20210305985A1,1
US11138812B1,1
US20210304374A1,1
US20210304378A1,1
US20210303268A1,1
US20210303764A1,1
US20210303479A1,1
US20210304012A1,1
US20210303974A1,1
US20210303307A1,1
US20210303975A1,1
US20210303070A1,1
US20210303201A1,1
US20210303303A1,1
US11126691B1,1
US11127188B1,1
US20210294535A1,1
US11222394B2,1
US11189073B2,1
US20210295137A1,1
US20210295138A1,1
US20210294642A1,1
US20210295140A1,1
US11151039B2,1
US20210294607A1,1
US20210288944A1,1
US20210286624A1,1
US20210286625A1,1
US11158110B1,1
US20210271486A1,1
US20210272327A1,1
US20210272533A1,1
US20210240629A1,1
US11100965B1,1
US20210263826A1,1
US20210255981A1,1
US20210255831A1,1
US20210255968A1,1
US20210255690A1,1
US11086802B1,1
US20210248008A1,1
US20210249070A1,1
US20210247825A1,1
US20210249849A1,1
US11099848B1,1
US11133817B1,1
US11074206B1,1
US11074945B1,1
US11138014B2,1
US20210224629A1,1
US20210224630A1,1
US20210224042A1,1
US11176058B2,1
US20210383600A1,1
US11062419B1,1
US11205243B2,1
US20210218389A1,1
US20210218401A1,1
US20210216241A1,1
US20210216317A1,1
US20210216096A1,1
US20210216464A1,1
US20210216461A1,1
US20210216455A1,1
US20210397747A1,1
US20210397455A1,1
US20210389948A1,1
US20210208615A1,1
US20210200882A1,1
US11042180B1,1
US11200922B2,1
US20210192337A1,1
US20210192089A1,1
US20210390360A1,1
US11038966B1,1
US11114154B2,1
US20210374059A1,1
US20210374509A1,1
US11030783B1,1
US20210334373A1,1
US20210365092A1,1
US11023390B1,1
US20210165219A1,0
US20210168038A1,0
US20210168694A1,0
US11017140B1,0
US11017142B1,0
US20210160194A1,0
US11210847B2,0
US11216993B2,0
US11210821B2,0
US11210102B2,0
US20210157730A1,0
US20210157600A1,0
US11216280B2,0
US11007926B1,0
US11200940B2,0
US20210158865A1,0
US20210335397A1,0
US20210304489A1,0
US20210132859A1,0
US20210133542A1,0
US20210136157A1,0
US20210334415A1,0
US20210133922A1,0
US10990403B1,0
US10990543B1,0
US20210125395A1,0
US20210124694A1,0
US11194549B2,0
US11204771B2,0
US11086626B2,0
US20210124586A1,0
US10984758B1,0
US20210119763A1,0
US20210287078A1,0
US20210117192A1,0
US20210285990A1,0
US10978141B1,0
US11222670B2,0
US20210110867A1,0
US20210110853A1,0
US20210109999A1,0
US20210103323A1,0
US20210103640A1,0
US11055250B2,0
US11100010B2,0
US20210098032A1,0
US20210096627A1,0
US20210096868A1,0
US11120101B2,0
US20210097173A1,0
US11216277B2,0
US11200384B2,0
US20210092065A1,0
US11152076B2,0
US11087562B2,0
US11081469B2,0
US20210090653A1,0
US11221899B2,0
US20210089472A1,0
US20210089888A1,0
US20210089889A1,0
US20210306414A1,0
US20210103493A1,0
US11170843B2,0
US20210089473A1,0
US10942878B1,0
US10938411B1,0
US11055904B2,0
US20210064688A1,0
US10943670B1,0
US20210064533A1,0
US11144318B2,0
US20210064377A1,0
US20210064528A1,0
US11087834B2,0
US10964086B2,0
US20210183129A1,0
US20210067335A1,0
US20210224949A1,0
US11133043B2,0
US10931303B1,0
US10931304B1,0
US20210056034A1,0
US20210058289A1,0
US20210055409A1,0
US20210056422A1,0
US20210058237A1,0
US11146495B2,0
US20210055962A1,0
US20210279373A1,0
US10937481B1,0
US20210042159A1,0
US20210020225A1,0
US11003454B2,0
US11169590B2,0
US20210035653A1,0
US11194950B2,0
US11113028B2,0
US20210025717A1,0
US10969993B2,0
US10937233B2,0
US11050672B2,0
US20210026540A1,0
US20210026826A1,0
US20210026772A1,0
US11194574B2,0
US20210026627A1,0
US11194718B2,0
US11146925B2,0
US11216061B2,0
US20210027148A1,0
US11200175B2,0
US20210232396A1,0
US20210208968A1,0
US11043947B1,0
US20210208803A1,0
US20210012185A1,0
US11164616B2,0
US11023152B2,0
US20210011951A1,0
US11164032B2,0
US20210012814A1,0
US20210011159A1,0
US10891708B1,0
US11081156B2,0
US11170555B2,0
US10886919B1,0
US20200410740A1,0
US10877820B1,0
US10879919B1,0
US10977038B2,0
US20210208924A1,0
US10977184B2,0
US10942865B2,0
US11144658B2,0
US20200395064A1,0
US20210192323A1,0
US20200387380A1,0
US11204879B2,0
US20200388309A1,0
US10878893B1,0
US20210191452A1,0
US20200371805A1,0
US11068238B2,0
US11176042B2,0
US20200371913A1,0
US20200371575A1,0
US10931799B2,0
US10910031B2,0
US20210149834A1,0
US11128449B2,0
US11182234B2,0
US10825745B1,0
US20200348985A1,0
US10817627B1,0
US10839865B1,0
US10847215B2,0
US11036279B2,0
US20200342291A1,0
US10942856B2,0
US11042480B2,0
US20200342285A1,0
US20210117575A1,0
US11163581B2,0
US11194581B2,0
US20210103524A1,0
US20200335502A1,0
US20210133027A1,0
US20200327233A1,0
US11016902B2,0
US10901865B2,0
US11003435B2,0
US20200319896A1,0
US20200319895A1,0
US11188377B2,0
US20210149833A1,0
US20200310811A1,0
US10901742B2,0
US10970070B2,0
US10861534B2,0
US11086777B2,0
US20200302048A1,0
US20200301837A1,0
US20210081545A1,0
US10891084B2,0
US20200295260A1,0
US20200293279A1,0
US11119731B2,0
US11210186B2,0
US11011222B2,0
US10854264B2,0
US10922082B2,0
US20200285476A1,0
US10908214B2,0
US20210073131A1,0
US20200274707A1,0
US10853165B2,0
US10747681B1,0
US10791045B2,0
US10937494B2,0
US10861167B2,0
US20210103525A1,0
US10855609B2,0
US10824468B2,0
US10856297B2,0
US10959128B2,0
US10796040B2,0
US11190436B2,0
US20200252326A1,0
US20200250111A1,0
US10802969B2,0
US11056164B2,0
US10726607B1,0
US20200250098A1,0
US10802534B2,0
US10901691B2,0
US20210026389A1,0
US20210383673A1,0
US10719453B1,0
US11107264B2,0
US11086715B2,0
US10824569B2,0
US20200233726A1,0
US10963260B2,0
US10715148B1,0
US20210073403A1,0
US10705561B1,0
US10706607B1,0
US10763267B2,0
US10784842B2,0
US10853256B2,0
US10698825B1,0
US10909045B2,0
US20210342156A1,0
US20210352058A1,0
US20210349721A1,0
US10915327B2,0
US10896707B2,0
US20200194093A1,0
US11080211B2,0
US10825207B2,0
US10754743B2,0
US10700644B1,0
US10885313B2,0
US20200185014A1,0
US10825231B2,0
US10771014B2,0
US10848101B2,0
US10812018B2,0
US10853694B2,0
US10747601B2,0
US11022649B2,0
US11153231B2,0
US20210011638A1,0
US10761987B2,0
US10657055B1,0
US10734056B2,0
US11056163B2,0
US20200153826A1,0
US20200151541A1,0
US11086629B2,0
US10811375B2,0
US11030065B2,0
US20210303478A1,0
US11069424B2,0
US20210343359A1,0
US10769067B2,0
US20200136989A1,0
US20200133672A1,0
US20200133863A1,0
US10817420B2,0
US10783080B2,0
US11119667B2,0
US10756753B2,0
US20200389181A1,0
US11099852B2,0
US20200134127A1,0
US11068639B2,0
US10691861B2,0
US10854291B2,0
US11075339B2,0
US11010306B2,0
US20210279063A1,0
US10621107B1,0
US11074214B2,0
US20210081508A1,0
US20210042114A1,0
US20200371806A1,0
US20210042124A1,0
US11068268B2,0
US20210157603A1,0
US20210028788A1,0
US11036510B2,0
US20200372097A1,0
US10896730B1,0
US20200412374A1,0
US20200110995A1,0
US10942904B2,0
US20200110615A1,0
US10963258B2,0
US20200111537A1,0
US20200364154A1,0
US20210064379A1,0
US10771187B1,0
US20210125097A1,0
US20200410333A1,0
US20200326938A1,0
US10877904B2,0
US20210258376A1,0
US20210279964A1,0
US10922465B2,0
US20210165945A1,0
US10877545B2,0
US10810126B2,0
US10817426B2,0
US10769070B2,0
US20200357996A1,0
US10886847B1,0
US20200302996A1,0
US10853310B2,0
US10593397B1,0
US10628355B2,0
US20200090032A1,0
US10692420B2,0
US10691511B2,0
US11042379B2,0
US11157277B2,0
US20200111001A1,0
US10903822B2,0
US20210143801A1,0
US11119729B2,0
US10585449B1,0
US11204773B2,0
US10817299B2,0
US20200081697A1,0
US10853905B2,0
US20200081688A1,0
US10867390B2,0
US11157395B2,0
US11106452B2,0
US11010159B2,0
US10665591B2,0
US11145651B2,0
US10997083B2,0
US10853138B2,0
US20200070848A1,0
US11029959B2,0
US10846088B2,0
US10831499B2,0
US10732978B2,0
US10769038B2,0
US10936463B2,0
US10963245B2,0
US10783031B2,0
US10620960B2,0
US10846056B2,0
US10741227B2,0
US20200050459A1,0
US10990404B2,0
US10824467B2,0
US20200257647A1,0
US10824700B2,0
US11030121B2,0
US10892886B2,0
US10943323B2,0
US10916040B2,0
US10943115B2,0
US10761988B2,0
US11024624B2,0
US11022637B2,0
US20200184703A1,0
US20200184320A1,0
US10740269B2,0
US10929060B2,0
US11043102B1,0
US11113091B2,0
US20210165705A1,0
US20200020389A1,0
US10579775B2,0
US10963253B2,0
US11152139B2,0
US20210160344A1,0
US20210157592A1,0
US20200227515A1,0
US20200012783A1,0
US10873324B2,0
US20210111711A1,0
US10521532B1,0
US10523186B1,0
US10622038B2,0
US10719329B2,0
US10620962B2,0
US20210142031A1,0
US10839128B2,0
US10810094B2,0
US10516386B1,0
US20210168348A1,0
US10911422B2,0
US10860215B2,0
US10936285B2,0
US10503202B1,0
US10705886B2,0
US10754687B2,0
US11005461B2,0
US10725964B2,0
US10545893B1,0
US10956166B2,0
US20220004390A1,0
US10991406B2,0
US20200176676A1,0
US20200295259A1,0
US20190378550A1,0
US10497693B1,0
US10725873B2,0
US10839934B2,0
US10846098B2,0
US10635445B2,0
US20210126736A1,0
US10579469B2,0
US10878592B2,0
US10558462B2,0
US10705848B2,0
US10838730B2,0
US11010241B2,0
US11082493B2,0
US20200177231A1,0
US10964379B2,0
US10733782B2,0
US11157613B2,0
US10922833B2,0
US10732690B2,0
US10564217B2,0
US10620261B2,0
US10732854B2,0
US10678540B2,0
US20190349346A1,0
US20190349348A1,0
US20190349347A1,0
US10641953B1,0
US20210389520A1,0
US10613996B2,0
US10917198B2,0
US10854811B2,0
US10970201B2,0
US10915404B2,0
US10866890B2,0
US10459688B1,0
US10454674B1,0
US20190340147A1,0
US10452575B1,0
US10600477B2,0
US10755774B2,0
US10847211B2,0
US20210074353A1,0
US10984863B2,0
US10741246B2,0
US10971229B2,0
US20210295915A1,0
US11056183B2,0
US10878892B2,0
US10764607B2,0
US10726610B2,0
US10545877B2,0
US10776043B2,0
US20210232511A1,0
US10620954B2,0
US10586790B2,0
US10613869B2,0
US10620655B2,0
US20210027089A1,0
US10853271B2,0
US10833271B2,0
US10606595B2,0
US10545879B2,0
US10797859B2,0
US11182106B2,0
US10649907B2,0
US10841299B2,0
US10992468B2,0
US20190287028A1,0
US20190286789A1,0
US20190282155A1,0
US10841083B2,0
US20190287658A1,0
US10877836B2,0
US20210342248A1,0
US10411705B1,0
US10445241B2,0
US20210026568A1,0
US10776266B2,0
US10846250B2,0
US10776274B2,0
US10769069B2,0
US10747845B2,0
US10726908B2,0
US10395724B1,0
US10418124B1,0
US20200057640A1,0
US10853076B2,0
US10770410B2,0
US10580981B1,0
US11005039B2,0
US20200401700A1,0
US10733313B2,0
US10848186B2,0
US10964649B2,0
US20200257787A1,0
US20200042877A1,0
US10373466B1,0
US10672459B2,0
US11188682B2,0
US10423537B2,0
US11043262B2,0
US10839861B2,0
US20200379909A1,0
US20200379747A1,0
US20190361808A1,0
US10853223B2,0
US20210224815A1,0
US10923161B2,0
US10764258B2,0
US20200012822A1,0
US10884850B2,0
US11055096B2,0
US10607659B2,0
US11004479B2,0
US10565146B2,0
US10866805B2,0
US10748583B2,0
US10437750B2,0
US20190196832A1,0
US10691461B2,0
US11011227B2,0
US10503660B2,0
US20200117578A1,0
US10725955B2,0
US10936474B2,0
US10606679B2,0
US10515684B2,0
US10657218B2,0
US11126778B2,0
US20190163940A1,0
US10677826B2,0
US10771194B2,0
US20190384368A1,0
US11183844B2,0
US10924934B2,0
US10616585B2,0
US10831673B2,0
US10929308B2,0
US10331406B2,0
US10866904B2,0
US10761561B2,0
US11082202B2,0
US20190146797A1,0
US20210103503A1,0
US10368071B2,0
US10481914B2,0
US10599584B2,0
US10277390B1,0
US10411733B2,0
US10733106B2,0
US20190324908A1,0
US20190122724A1,0
US10902113B2,0
US10542277B2,0
US10817369B2,0
US10275218B1,0
US11188814B2,0
US20180216228A1,0
US10873025B2,0
US20190305219A1,0
US20200274719A1,0
US20200258264A1,0
US10580489B2,0
US10394716B1,0
US10714175B2,0
US10628277B2,0
US11176012B2,0
US20200293457A1,0
US10599806B2,0
US11120191B2,0
US10601525B2,0
US10866899B2,0
US10571939B2,0
US10423510B2,0
US10726519B2,0
US20190296232A1,0
US10566527B2,0
US10955864B2,0
US10366741B2,0
US10297075B2,0
US10353629B2,0
US11194693B2,0
US10318243B2,0
US20200259083A1,0
US10229731B1,0
US10708600B2,0
US20200228389A1,0
US10997376B2,0
US10559093B2,0
US20200228478A1,0
US20200226120A1,0
US10649782B2,0
US10936211B2,0
US10425646B2,0
US10432201B2,0
US10489315B2,0
US10224099B1,0
US10763829B2,0
US10734065B2,0
US10854280B2,0
US20210082496A1,0
US10503859B2,0
US10571516B2,0
US10838472B2,0
US10345378B2,0
US10460822B2,0
US10861575B2,0
US10217496B1,0
US20190066769A1,0
US10896111B2,0
US20210334102A1,0
US20190057735A1,0
US10592517B2,0
US10691701B2,0
US10574236B2,0
US20200226050A1,0
US10554435B2,0
US10540297B2,0
US10572259B2,0
US20210311640A1,0
US10890966B2,0
US20190236441A1,0
US20190244900A1,0
US20210240480A1,0
US20200174798A1,0
US20200177586A1,0
US20210271485A1,0
US10355674B2,0
US10394522B2,0
US10310818B2,0
US10187063B1,0
US10841221B2,0
US10572262B2,0
US10664400B2,0
US10303566B2,0
US10387152B2,0
US20210126877A1,0
US20210326268A1,0
US10177760B1,0
US10672367B2,0
US10642743B2,0
US20200264980A1,0
US10540299B2,0
US10445500B2,0
US10592146B2,0
US10809980B2,0
US10958906B2,0
US11080184B2,0
US20200143516A1,0
US20210382866A1,0
US20200133674A1,0
US20200133730A1,0
US10621103B2,0
US11126714B2,0
US10157132B1,0
US10901938B2,0
US10199094B2,0
US10559056B2,0
US10997756B2,0
US20200133673A1,0
US10831678B2,0
US10311016B2,0
US20210334222A1,0
US20200151926A1,0
US11156663B2,0
US11086781B2,0
US20210303674A1,0
US20210326134A1,0
US10588087B2,0
US10535386B2,0
US20210224380A1,0
US20210294924A1,0
US10977044B2,0
US11188331B2,0
US11132202B2,0
US20210334220A1,0
US10924261B2,0
US10417141B2,0
US11119961B2,0
US10664419B2,0
US10346130B2,0
US10127626B1,0
US10819736B2,0
US11137919B2,0
US20210311742A1,0
US10403643B2,0
US20210318946A1,0
US10622136B2,0
US11099850B2,0
US11055820B2,0
US20210089643A1,0
US20200082280A1,0
US10506079B2,0
US10552156B2,0
US10409592B2,0
US10530562B2,0
US10162633B2,0
US10628157B2,0
US10409604B2,0
US10289332B2,0
US10733689B2,0
US11036511B2,0
US10394641B2,0
US10268581B2,0
US10255103B2,0
US11163691B2,0
US20210294755A1,0
US11157330B2,0
US10261835B2,0
US10310862B2,0
US10185635B2,0
US10147482B2,0
US10742260B2,0
US20200034615A1,0
US11100929B2,0
US20210311997A1,0
US20210311884A1,0
US20210224203A1,0
US20210133163A1,0
US20210133202A1,0
US20210248146A1,0
US20210248165A1,0
US20200034350A1,0
US10120813B2,0
US20210279124A1,0
US20200026629A1,0
US10943385B2,0
US11138126B2,0
US10740452B2,0
US10983916B2,0
US10452804B2,0
US10275250B2,0
US20190327239A1,0
US20210103836A1,0
US10805978B2,0
US10552338B2,0
US10599935B2,0
US11069214B2,0
US10943482B2,0
US20200005719A1,0
US20210266308A1,0
US11042375B2,0
US10423346B2,0
US10216412B2,0
US10217743B2,0
US10186069B2,0
US10678506B2,0
US10797238B2,0
US20200357992A1,0
US20190394174A1,0
US11062121B2,0
US20190392546A1,0
US20210240830A1,0
US10922086B2,0
US20180225168A1,0
US10374976B2,0
US10931596B2,0
US20210141643A1,0
US10613989B2,0
US10592424B2,0
US10534719B2,0
US10181848B2,0
US11036644B2,0
US10417371B2,0
US10210303B2,0
US10452803B2,0
US10042766B1,0
US10528480B2,0
US20210250176A1,0
US10938622B2,0
US20210226783A1,0
US20210248883A1,0
US20210235253A1,0
US10467159B2,0
US10565126B2,0
US10353826B2,0
US10489304B2,0
US20210342152A1,0
US10211398B2,0
US10593880B2,0
US20180373975A1,0
US10923425B2,0
US20210167013A1,0
US11190340B2,0
US20210240619A1,0
US20210216244A1,0
US11036639B2,0
US10540281B2,0
US10216481B2,0
US20180373978A1,0
US10416963B2,0
US20210271512A1,0
US10324858B2,0
US11010644B2,0
US20210240479A1,0
US20210203489A1,0
US10497150B2,0
US10560361B2,0
US20200252321A1,0
US10083833B1,0
US10956205B2,0
US11016910B2,0
US10788883B2,0
US10534682B2,0
US10956206B2,0
US20190349558A1,0
US20210243188A1,0
US20210138464A1,0
US10008260B1,0
US10878527B2,0
US20210097642A1,0
US10340453B2,0
US10700280B2,0
US10521338B2,0
US10140399B2,0
US10296688B2,0
US10222419B2,0
US10734805B2,0
US10997322B2,0
US10861125B2,0
US10163347B2,0
US10152303B2,0
US9997217B1,0
US20180337769A1,0
US10083126B2,0
US10222418B2,0
US20210026957A1,0
US20210034360A1,0
US20210149674A1,0
US20210019148A1,0
US20210026641A1,0
US20190311544A1,0
US20210026635A1,0
US10002669B1,0
US10510416B2,0
US10761976B2,0
US9984766B1,0
US10373680B2,0
US10269414B2,0
US20210064789A1,0
US20210097207A1,0
US20210150071A1,0
US9990972B1,0
US10635325B2,0
US20200410088A1,0
US20200410110A1,0
US20190325747A1,0
US10311963B2,0
US20210042227A1,0
US10613860B2,0
US10310856B2,0
US10742153B2,0
US10817298B2,0
US10505523B2,0
US9985613B2,0
US20210019268A1,0
US20210026773A1,0
US10614546B2,0
US20210109755A1,0
US10430996B2,0
US20200371891A1,0
US10115473B1,0
US10474575B2,0
US10002665B1,0
US11075887B2,0
US9953726B1,0
US9953701B1,0
US10657010B2,0
US10824357B2,0
US10102143B2,0
US10372618B2,0
US20200409753A1,0
US10474469B2,0
US11048617B2,0
US11197161B2,0
US10635774B2,0
US11127110B2,0
US20200394119A1,0
US20210034362A1,0
US10431304B2,0
US9947402B1,0
US11144649B2,0
US10191853B2,0
US9972388B2,0
US10565966B2,0
US10726606B2,0
US10176104B2,0
US10229066B2,0
US10074410B2,0
US10267831B2,0
US10276125B2,0
US10140093B2,0
US10771792B2,0
US20200225872A1,0
US11138128B2,0
US10148963B2,0
US10025554B2,0
US11100014B2,0
US20200218673A1,0
US20200264983A1,0
US20210083869A1,0
US11048609B2,0
US11010175B2,0
US10579526B2,0
US20200233816A1,0
US20180225216A1,0
US11159636B2,0
US10061561B2,0
US10657021B2,0
US9912338B1,0
US9911510B1,0
US10922608B2,0
US10853071B2,0
US20180225214A1,0
US11138119B2,0
US10678985B2,0
US20200257841A1,0
US10963409B2,0
US10019231B2,0
US10866907B2,0
US20210056043A1,0
US20190377573A1,0
US11080054B2,0
US11036503B2,0
US10649684B2,0
US10795820B2,0
US20190369989A1,0
US10185663B2,0
US10402349B2,0
US10713187B2,0
US11175854B2,0
US10387234B2,0
US10141504B2,0
US10707415B2,0
US10394732B2,0
US10908667B2,0
US10282297B2,0
US20200278801A1,0
US10769838B2,0
US10489323B2,0
US20200050568A1,0
US10810146B2,0
US20180023095A1,0
US10270416B2,0
US9882576B1,0
US20200259667A1,0
US20200287726A1,0
US20200226061A1,0
US11082628B2,0
US10606557B2,0
US10187316B2,0
US10089339B2,0
US10002222B2,0
US10579418B2,0
US11188378B2,0
US10223002B2,0
US10217935B2,0
US20190198758A1,0
US10454026B2,0
US20200052201A1,0
US11106465B2,0
US10579338B2,0
US20180175290A1,0
US10209755B2,0
US10438022B2,0
US9990292B2,0
US11062492B2,0
US20190146693A1,0
US10649678B2,0
US10268379B2,0
US10394454B2,0
US10664306B2,0
US20180203807A1,0
US20200151111A1,0
US10740032B2,0
US10748236B2,0
US20200242047A1,0
US10199092B2,0
US9866159B1,0
US10236815B2,0
US10193063B2,0
US11011701B2,0
US10148279B2,0
US9871528B1,0
US10853262B2,0
US10353601B2,0
US9881634B1,0
US10121967B2,0
US10727406B2,0
US10664031B2,0
US10133341B2,0
US10394524B2,0
US9990179B2,0
US20200285457A1,0
US10924738B2,0
US10552212B2,0
US10671426B2,0
US11106513B2,0
US10877891B2,0
US10140094B2,0
US10423446B2,0
US10122384B2,0
US10489306B2,0
US20200192742A1,0
US11113164B2,0
US11061852B2,0
US10580113B2,0
US10761885B2,0
US20200272505A1,0
US10516322B2,0
US11128204B2,0
US9824749B1,0
US9831855B1,0
US11164386B2,0
US20200225281A1,0
US10825125B2,0
US20200288383A1,0
US10504593B2,0
US9899083B1,0
US10127981B2,0
US9990992B2,0
US10909006B2,0
US10216479B2,0
US10291627B2,0
US10721240B2,0
US10789768B2,0
US10289587B2,0
US10033376B2,0
US10425076B2,0
US10231067B2,0
US10181350B2,0
US9859003B1,0
US9825636B1,0
US10127977B2,0
US9997242B2,0
US20200278882A1,0
US9807567B1,0
US20200257551A1,0
US11151034B2,0
US10956577B2,0
US10733785B2,0
US10891235B2,0
US10332258B2,0
US10404664B2,0
US20190356637A1,0
US10747669B2,0
US10948963B2,0
US10775862B2,0
US10628335B2,0
US10352971B2,0
US20210190504A1,0
US10062435B2,0
US9792984B1,0
US10877901B2,0
US9786362B1,0
US10446609B2,0
US10937831B2,0
US9978942B2,0
US10014052B2,0
US9792982B1,0
US10185731B2,0
US10725992B2,0
US10540309B2,0
US10860495B2,0
US10599428B2,0
US9922152B2,0
US10732982B2,0
US10332489B2,0
US10331531B2,0
US9767924B1,0
US9875815B1,0
US9767870B1,0
US10276795B2,0
US10381560B2,0
US9997702B2,0
US10489303B2,0
US10855474B2,0
US20200218665A1,0
US10620953B2,0
US10103327B2,0
US10403816B2,0
US11093243B2,0
US20190034205A1,0
US11210090B2,0
US11004427B2,0
US11210576B2,0
US10128438B2,0
US10658587B2,0
US10388057B2,0
US10904989B2,0
US10650580B2,0
US10586924B2,0
USD795885S1,0
US10732980B2,0
US20200167160A1,0
US11119778B2,0
US10917243B2,0
US10789169B2,0
US9741445B1,0
US10339050B2,0
US11194485B2,0
US11176061B2,0
US20200117616A1,0
US11113209B2,0
US20200174950A1,0
US20200150970A1,0
US20200117450A1,0
US20200371966A1,0
US20200117809A1,0
US11086659B2,0
US20200225953A1,0
US10733789B2,0
US20200117808A1,0
US11080058B2,0
US9728249B1,0
US10055229B2,0
US10445101B2,0
US10269783B2,0
US10431060B2,0
US10516110B2,0
US20200176677A1,0
US10134986B2,0
US10854814B2,0
US20200167292A1,0
US10866810B2,0
US20210089323A1,0
US20200153385A1,0
US10651713B2,0
US11114925B2,0
US9711243B1,0
US10628318B2,0
US10353671B2,0
US10296349B2,0
US11023237B2,0
US20200050454A1,0
US10324727B2,0
US10049709B2,0
US10496165B2,0
US9697908B1,0
US10521368B2,0
US9871039B2,0
US20170185516A1,0
US9929149B2,0
US10312845B2,0
US10938331B2,0
US10135377B2,0
US10255462B2,0
US9785740B2,0
US20200133710A1,0
US20200286135A1,0
US10516548B2,0
US20200059478A1,0
US10581672B2,0
US20200322215A1,0
US9996471B2,0
US10095631B2,0
US10591977B2,0
US10157133B2,0
US10310979B2,0
US11119925B2,0
US20170153894A1,0
US10957082B2,0
US20200015087A1,0
US10056858B2,0
US10564973B2,0
US10298101B2,0
US10095518B2,0
US10552160B2,0
US20170139716A1,0
US10896536B2,0
US10424042B2,0
US10956303B2,0
US10847204B2,0
US10964386B2,0
US20170153975A1,0
US9977679B2,0
US20170132010A1,0
US9647660B1,0
US10607147B2,0
US10579389B2,0
US9946492B2,0
US10354721B2,0
US9940993B2,0
US10931964B2,0
US10020031B2,0
US11132196B2,0
US20200218538A1,0
US10503506B2,0
US20190095389A1,0
US10712965B2,0
US11086695B2,0
US20190340054A1,0
US20200050541A1,0
US10642710B2,0
US10120808B2,0
US20190361072A1,0
US9621161B1,0
US9912334B2,0
US9620200B1,0
US10032487B2,0
US10795815B2,0
US10552152B2,0
US10445094B2,0
US10198360B2,0
US10866896B2,0
US20190369995A1,0
US20170237001A1,0
US20190266010A1,0
US10582207B2,0
US20180213040A1,0
US9984194B2,0
US10108486B2,0
US20170076758A1,0
US10170700B2,0
US10580982B2,0
US10014468B2,0
US9660189B1,0
US10236888B2,0
US10733111B2,0
US20170244027A1,0
US9659614B2,0
US10038141B2,0
US9627615B1,0
US10664399B2,0
US11081177B2,0
US10628155B2,0
US9646160B2,0
US9747982B1,0
US9966138B2,0
US20180012658A1,0
US9786370B2,0
US9583209B1,0
US9966955B2,0
US10043559B2,0
US9805777B2,0
US20170213960A1,0
US10641822B2,0
US9823298B2,0
US10659723B2,0
US10803547B2,0
US20170062043A1,0
US9831831B2,0
US10114918B2,0
US10134987B2,0
US10727408B2,0
US11133467B2,0
US9735360B2,0
US20200097289A1,0
US20190303155A1,0
US10381076B2,0
US9773550B2,0
US9905295B2,0
US10303624B2,0
US10592439B2,0
US9691455B2,0
US9542994B1,0
US10056989B2,0
US9794007B2,0
US9672159B2,0
US10303399B2,0
US10067708B2,0
US11200177B2,0
US10049739B2,0
US9734895B2,0
US20160371808A1,0
US10560708B2,0
US9900260B2,0
US11012335B2,0
US11182294B2,0
US9734269B2,0
US9952871B2,0
US9690889B2,0
US9892220B2,0
US10719236B2,0
US9542986B2,0
US10922084B2,0
US10191527B2,0
US11188330B2,0
US10409721B2,0
US20190370149A1,0
US20180074933A1,0
US10592673B2,0
US11068604B2,0
US9811625B2,0
US10147879B2,0
US10354727B2,0
US9979385B2,0
US9715912B2,0
US10379160B2,0
US10665208B2,0
US9823932B2,0
US20160308514A1,0
US10432914B2,0
US20190163601A1,0
US9684754B2,0
US10061671B2,0
US10049735B2,0
US10388377B2,0
US20170084331A1,0
US10008263B2,0
US10276238B2,0
US9548118B1,0
US11010297B2,0
US9478278B1,0
US10217937B2,0
US10763433B2,0
US9755146B2,0
US10757100B2,0
US10056143B2,0
US10366753B2,0
US20190348116A1,0
US9875332B2,0
US10261754B2,0
US10275215B2,0
US10056121B2,0
US9589601B2,0
US10665010B2,0
US20190340124A1,0
US9626232B2,0
US10509743B2,0
US10877767B2,0
US9823897B2,0
US11212540B2,0
US9836279B2,0
US10552307B2,0
US10429644B2,0
US10255195B2,0
US20180004278A1,0
US11068270B2,0
US20190340097A1,0
US10395339B2,0
US10466915B2,0
US10467181B2,0
US20190236445A1,0
US10963251B2,0
US11036502B2,0
US20180081384A1,0
US9851738B2,0
US10447260B2,0
US10958266B2,0
US9748943B2,0
US10122718B2,0
US10735428B2,0
US10529420B2,0
US9514814B1,0
US9916895B2,0
US10096361B2,0
US10861541B2,0
US10083748B2,0
US20170047115A1,0
US11183998B2,0
US9735766B2,0
US20160232106A1,0
US9998889B2,0
US10860322B2,0
US10395394B2,0
US9805478B2,0
US10824350B2,0
US10084478B2,0
US10657086B2,0
US11210393B2,0
US20170344492A1,0
US10256820B2,0
US20160205045A1,0
US10607400B2,0
US10310809B2,0
US10528355B2,0
US10642343B2,0
US10540248B2,0
US9875214B2,0
US10348644B2,0
US11010959B2,0
US10250234B2,0
US10185667B2,0
US9817661B2,0
US10423466B2,0
US9721624B2,0
US9678716B2,0
US9703531B2,0
US10331449B2,0
US9928031B2,0
US9965275B2,0
US9733899B2,0
US9720646B2,0
US10140216B2,0
US9893517B2,0
US20160179676A1,0
US10228942B2,0
US10394557B2,0
US20160154452A1,0
US10372195B2,0
US10001941B2,0
US10430099B2,0
US9864694B2,0
US9785407B2,0
US10791332B2,0
US10768938B2,0
US10747536B2,0
US10768934B2,0
US20190056933A1,0
US10782972B2,0
US10078589B2,0
US10609408B2,0
US10452110B2,0
US10909020B2,0
US10243758B2,0
USD756242S1,0
USD756241S1,0
US10235793B2,0
US10359831B2,0
US11108779B2,0
US9548749B2,0
US9479147B2,0
US9665347B2,0
US9690543B2,0
US9703529B2,0
US9766857B2,0
US9766858B2,0
US9778906B2,0
US9886239B2,0
US9916130B2,0
US9690482B2,0
US9651620B2,0
US10154411B2,0
US10210595B2,0
US10762226B2,0
US10310735B2,0
US10986074B2,0
US9785578B2,0
US20160118091A1,0
US10162762B2,0
US9658827B2,0
US9953444B2,0
US10873598B2,0
US10475147B2,0
US10839600B2,0
US10838878B2,0
US11030344B2,0
US10380712B2,0
US9886276B2,0
US9619937B2,0
US10691606B2,0
US20160098555A1,0
US10055151B2,0
US9608662B2,0
US10558486B2,0
US10761998B2,0
US10877833B2,0
US10606498B2,0
US10115222B2,0
US9891976B2,0
US10614619B2,0
US9286196B1,0
US10255718B2,0
US10423534B2,0
US9727466B2,0
US9507716B2,0
US9311244B2,0
US10997076B2,0
US10062140B2,0
US10936365B2,0
US10777273B2,0
US10956619B2,0
US10901884B2,0
US10885953B2,0
US10445093B2,0
US10593305B2,0
US9391614B2,0
US10528490B2,0
US10007286B2,0
US10558585B2,0
US10841278B2,0
US20170139717A1,0
US10831494B2,0
US10510323B2,0
US10510324B2,0
US10825423B2,0
US10650136B2,0
US10504573B2,0
US20180307627A1,0
US10324516B2,0
US10248572B2,0
US10649787B2,0
US10795675B2,0
US11003450B2,0
US10564968B2,0
US10797915B2,0
US10217259B2,0
US10636213B2,0
US10672177B2,0
US10776124B2,0
US11061581B2,0
US10036774B2,0
US9582282B2,0
US10747647B2,0
US10382394B2,0
US10972428B2,0
US9653413B2,0
US20150370955A1,0
US10204894B2,0
US9454633B2,0
US9529671B2,0
US10924475B2,0
US10810039B2,0
US10572299B2,0
US10908944B2,0
US9450571B2,0
US9678715B2,0
US10134171B2,0
US20170091097A1,0
US11036500B2,0
US20170315805A1,0
US10360089B2,0
US11093312B2,0
US10068309B2,0
US10459716B2,0
US10595207B2,0
US11146400B2,0
US10089776B2,0
US9281027B1,0
US10289417B2,0
US10255659B2,0
US10613865B2,0
US10169024B2,0
US9462469B2,0
US9798530B2,0
US9442878B2,0
US9933841B2,0
US10514928B2,0
US9817466B2,0
US10719632B2,0
US10650577B2,0
US10902100B2,0
US10216218B2,0
US10409738B2,0
US10289527B2,0
US10055221B2,0
US9582248B2,0
US9715965B2,0
US9780704B2,0
US9419551B2,0
US9954474B2,0
US9214204B2,0
US20180196673A1,0
US10430192B2,0
US10817336B2,0
US11030101B2,0
US10439903B2,0
US9697136B2,0
US9430421B2,0
US20150261542A1,0
US10832639B2,0
US10554731B2,0
US10951429B2,0
US10855410B2,0
US10185829B2,0
US10885198B2,0
US10204440B2,0
US10140736B2,0
US10089783B2,0
US10559055B2,0
US10593093B2,0
US20190012463A1,0
US10671730B2,0
US11218855B2,0
US10810098B2,0
US20170031685A1,0
US20210026634A1,0
US10409602B2,0
US11003447B2,0
US10719383B2,0
US11042378B2,0
US10437594B2,0
US20180210733A1,0
US10152763B2,0
US9933466B2,0
US10846092B2,0
US10503932B2,0
US10089709B2,0
US10921848B2,0
US10474427B2,0
US10230376B2,0
US20180196746A1,0
US10725784B2,0
US10275848B2,0
US9542194B2,0
US20170046281A1,0
US9483664B2,0
US9411362B2,0
US9696772B2,0
US11194899B2,0
US20180157490A1,0
US10705587B2,0
US11194577B2,0
US10402203B2,0
US20180150297A1,0
US20210224071A1,0
US11074080B2,0
US20160357561A1,0
US20160034406A1,0
US10299219B2,0
US10558590B2,0
US10802729B2,0
US10838877B2,0
US10936504B2,0
US20180129611A1,0
US10019232B2,0
US10338889B2,0
US10216633B2,0
US10440360B2,0
US10503472B2,0
US9600179B2,0
US10140476B2,0
US10043306B2,0
US9638752B2,0
US10185796B2,0
US10657215B2,0
US20200242293A1,0
US9659125B2,0
US10049043B2,0
US10447412B2,0
US9977742B2,0
US10169236B2,0
US10198267B2,0
US20160350115A1,0
US9990186B2,0
US11019045B2,0
US9306545B2,0
US9524143B2,0
US11003508B2,0
US10042640B2,0
US10545764B2,0
US10942739B2,0
US9760438B2,0
US11099868B2,0
US10177556B2,0
US20160321137A1,0
US10382027B2,0
US10467140B2,0
US10250709B2,0
US10621128B2,0
US10788886B2,0
US9501667B2,0
US9678889B2,0
US9449717B2,0
US9959092B2,0
US20180143679A1,0
US9454313B2,0
US20150162918A1,0
US10832464B2,0
US11080106B2,0
US10911897B2,0
US10083269B2,0
US10796053B2,0
US20210019463A1,0
US9432009B2,0
US10290132B2,0
US9996474B2,0
US10269168B2,0
US9070431B2,0
US10908916B2,0
US9208839B2,0
US9564187B2,0
US10776120B2,0
US11144458B2,0
US11009841B2,0
US10514751B2,0
US11119943B2,0
US20210365386A1,0
US10102139B2,0
US10146602B2,0
US10027646B2,0
US11076290B2,0
US9307405B2,0
US10069811B2,0
US10911424B2,0
US20190349345A1,0
US9860235B2,0
US11036616B2,0
US9865065B2,0
US9940137B2,0
US10013790B2,0
US9990269B2,0
US9858172B2,0
US9436473B2,0
US9519456B2,0
US10911245B2,0
US10452513B2,0
US9407265B2,0
US9483232B2,0
US9195426B2,0
US9182934B2,0
US10262632B2,0
US9379710B2,0
US10333938B2,0
US20190372981A1,0
US9299126B2,0
US9639470B2,0
US9928195B2,0
US20160203094A1,0
US10996269B2,0
US9619387B2,0
US10956045B2,0
US9557995B2,0
US9355061B2,0
US9542513B2,0
US10693656B2,0
US20160156893A1,0
US10649795B2,0
US20160154654A1,0
US10163238B2,0
US10873642B2,0
US10503512B2,0
US9933999B2,0
US10922155B2,0
US9489344B2,0
US9286714B2,0
US9142266B2,0
US9741410B2,0
US9361236B2,0
US9213660B2,0
US9741089B2,0
US10223764B2,0
US10073620B2,0
US9536333B2,0
US9892072B2,0
US9214006B2,0
US20150134933A1,0
US10530586B2,0
US10218978B2,0
US10283073B2,0
US9880961B2,0
US9582419B2,0
US9170282B2,0
US9496785B2,0
US9037835B1,0
US8885429B1,0
US9214837B2,0
US9692284B2,0
US9130433B2,0
US9553494B2,0
US9323536B2,0
US9652348B2,0
US10404704B2,0
US11050733B2,0
US10129268B2,0
US10951630B2,0
US10528350B2,0
US10321311B2,0
US11082421B2,0
US8959472B1,0
US9514563B2,0
US9361112B2,0
US9348598B2,0
US9374072B2,0
US9627022B2,0
US20150121038A1,0
US9105327B2,0
US10261813B2,0
US9798646B2,0
US9672162B2,0
US9880898B2,0
US20150085586A1,0
US10061728B2,0
US10825128B2,0
US9547530B2,0
US9042188B2,0
US10873465B2,0
US20170220478A1,0
US9806716B2,0
US10340917B2,0
US9831876B2,0
US10133675B2,0
US10282895B2,0
US9960904B2,0
US9710229B2,0
US9213547B2,0
US9304923B2,0
US10249115B2,0
US9916707B2,0
US10002020B2,0
US10194156B2,0
US9965827B2,0
US10678595B2,0
US9064559B2,0
US9088895B2,0
US9544372B2,0
US9906440B2,0
US9111596B2,0
US9507728B2,0
US10423467B2,0
US9779536B2,0
US10445000B2,0
US9837141B2,0
US9092345B2,0
US10657523B2,0
US8819309B1,0
US9348688B2,0
US9710359B2,0
US9665494B2,0
US10742655B2,0
US10283089B2,0
US9658919B2,0
US10514903B2,0
US11150891B2,0
US9594551B2,0
US10651683B2,0
US9612949B2,0
US10248828B2,0
US9535700B2,0
US9424045B2,0
US9256466B2,0
US9720434B2,0
US9897652B2,0
US9836403B2,0
US9292298B2,0
US9800048B2,0
US9933835B2,0
US10129033B2,0
US10880094B2,0
US11218321B2,0
US9887970B2,0
US10204391B2,0
US9640148B2,0
US9324163B2,0
US9558585B2,0
US9519982B2,0
US8947968B2,0
US9916675B2,0
US9189881B2,0
US10089782B2,0
US9176856B2,0
US8954956B2,0
US9081685B2,0
US9442856B2,0
US8848412B1,0
US9679342B2,0
US9231758B2,0
US9705673B2,0
US9866376B2,0
US9361111B2,0
US9170819B2,0
US10558494B2,0
US10042996B2,0
US10452831B2,0
US11106774B2,0
US20210357490A1,0
US9231765B2,0
US10579126B2,0
US9262123B2,0
US9607356B2,0
US9767595B2,0
US10235792B2,0
US9070200B2,0
US9213359B2,0
US8806209B2,0
US9674879B2,0
US9311087B2,0
US9286069B2,0
US9047092B2,0
US9007855B2,0
US8780655B1,0
US9741159B2,0
US10891146B2,0
US9036427B2,0
US9153070B2,0
US9837048B2,0
US9852088B2,0
US9632955B2,0
US9146870B2,0
US10559054B2,0
US9772864B2,0
US10063870B2,0
US9798565B2,0
US9678781B2,0
US9454397B2,0
US10564981B2,0
US11068275B2,0
US9268942B2,0
US9875112B2,0
US9218285B2,0
US10303840B2,0
US9672316B2,0
US9330035B2,0
US10042776B2,0
US9304926B2,0
US9292036B2,0
US9378162B2,0
US10176627B2,0
US9552665B2,0
US9965876B2,0
US10147202B2,0
US11003489B2,0
US10296340B2,0
US10824451B2,0
US9678852B2,0
US10514919B2,0
US10001994B2,0
US10241933B2,0
US9645824B2,0
US9147451B2,0
US9223701B2,0
US9171634B2,0
US9411774B2,0
US10019394B2,0
US9043522B2,0
US9632957B2,0
US9098652B2,0
US9906792B2,0
US9069652B2,0
US9753735B2,0
US10073777B2,0
US10534580B2,0
US9640131B2,0
US9177415B2,0
US10102160B2,0
US9507737B2,0
US20140082215A1,0
US9300716B2,0
US9294301B2,0
US8963609B2,0
US9696964B2,0
US8988954B2,0
US9830294B2,0
US9454451B2,0
US8918700B2,0
US10162659B2,0
US9223721B2,0
US20160323317A1,0
US10482234B2,0
US9122613B2,0
US9400655B2,0
US9015424B2,0
US8680900B2,0
US8648654B1,0
US9471493B2,0
US8665009B2,0
US20140115554A1,0
US8645893B1,0
US9530241B2,0
US10235738B2,0
US10733012B2,0
US9703604B2,0
US9606850B2,0
US9361204B2,0
US9659401B2,0
US9349210B2,0
US9171594B2,0
US10630528B2,0
US20200252259A1,0
US10932110B2,0
US9729613B2,0
US9338016B2,0
US10554550B2,0
US9774528B2,0
US9105315B2,0
US8680912B2,0
US8717084B1,0
US9672035B2,0
US9612280B2,0
US9047184B2,0
US9229908B2,0
US9404966B2,0
US8773185B2,0
US9317948B2,0
US9619929B2,0
US9021172B2,0
US9607390B2,0
US9069612B2,0
US20140002156A1,0
US9003123B2,0
US10057231B2,0
US8935592B2,0
US8892623B2,0
US8717078B2,0
US8898430B2,0
US10380030B2,0
US9110643B2,0
US9372811B2,0
US9465690B2,0
US10261789B2,0
US9483438B2,0
US9934037B2,0
US10271326B2,0
US9454844B2,0
US8892801B2,0
US9349156B2,0
US8611172B2,0
US9141338B2,0
US9059726B2,0
US10009173B2,0
US10491379B2,0
US20130301830A1,0
US9124419B2,0
US9344275B2,0
US20140125392A1,0
US8941428B2,0
US10055460B2,0
US8694862B2,0
US10963250B2,0
US10354092B2,0
US11055440B2,0
US10007314B2,0
US9935634B2,0
US9602642B2,0
US20150049037A1,0
US9588624B2,0
US10051928B2,0
US11026485B2,0
US20130268930A1,0
US8924612B2,0
US9472008B2,0
US9064561B2,0
US8630358B2,0
US9384091B2,0
US8966494B2,0
US8924615B2,0
US8635406B2,0
US8924766B2,0
US8930601B2,0
US9128531B2,0
US9202071B2,0
US8943118B2,0
US9477479B2,0
US10210349B2,0
US10025923B2,0
US9213828B2,0
US10083040B2,0
US9116711B2,0
US8868962B2,0
US9251378B2,0
US20140365751A1,0
US9116790B2,0
US20160155147A1,0
US9014496B2,0
US9922442B2,0
US10176546B2,0
US10318290B2,0
US8924454B2,0
US9690579B2,0
US8582340B2,0
US9071572B2,0
US9015284B2,0
US9057761B2,0
US9218302B2,0
US9098265B2,0
US8640008B2,0
US9075621B2,0
US9225660B2,0
US9596190B2,0
US8471612B1,0
US9378186B2,0
US20130159781A1,0
US8826079B2,0
US8892923B2,0
US8509015B2,0
US8873209B2,0
US8738971B2,0
US9052909B2,0
US10313423B2,0
US20190268399A1,0
US9614877B2,0
US8599626B2,0
US8995191B2,0
US8972701B2,0
US9684601B2,0
US8453073B1,0
US10606307B2,0
US10990121B2,0
US9817433B2,0
US8819378B2,0
US8706936B2,0
US9665514B2,0
US8779787B2,0
US20130117511A1,0
US20130114332A1,0
US9189646B2,0
US8427198B1,0
US8421501B1,0
US8838929B2,0
US20130077416A1,0
US8498373B2,0
US9158574B2,0
US8824215B2,0
US9170979B2,0
US9747052B2,0
US9940268B2,0
US20130042252A1,0
US8954007B2,0
US8971807B2,0
US8549633B2,0
US8990518B2,0
US8542939B2,0
US8817433B2,0
US8519775B2,0
US10169573B2,0
US9477834B2,0
US8589638B2,0
US9665540B2,0
US20130013889A1,0
US8638622B2,0
US9104479B2,0
US8502561B2,0
US20120331265A1,0
US8456223B2,0
US20120324164A1,0
US10496461B2,0
US8582389B2,0
US9672153B2,0
US9122890B2,0
US8601485B2,0
US8978038B2,0
US8732499B2,0
US9349209B2,0
US8766991B2,0
US9430381B2,0
US8742827B2,0
US8638157B2,0
US9472018B2,0
US9696994B2,0
US20120290780A1,0
US8656078B2,0
US8493810B2,0
US8451026B2,0
US8451039B2,0
US8390328B2,0
US9927882B2,0
US9201656B2,0
US8914616B2,0
US8732523B2,0
US9116844B2,0
US20150082007A1,0
US8914615B2,0
US9021233B2,0
US9483243B2,0
US8589934B2,0
US9411662B2,0
US8826097B2,0
US20120254552A1,0
US9094705B2,0
US8488369B2,0
US8363484B2,0
US8450954B2,0
US9142037B2,0
US8463958B2,0
US8639987B2,0
US8331703B2,0
US8463960B2,0
US8949547B2,0
US8490107B2,0
US8935485B2,0
US9477600B2,0
US8839057B2,0
US8713292B2,0
US9639360B2,0
US10057568B2,0
US8898268B2,0
US10204115B2,0
US9041723B2,0
US9058637B2,0
US9524535B2,0
US9524566B2,0
US9582845B2,0
US9626730B2,0
US8830783B2,0
US8773593B2,0
US8060814B2,0
US8185786B2,0
US8185812B2,0
US8407537B2,0
US8010774B2,0
US20100161901A9,0
US7900020B2,0
US20060195681A1,0
US7428632B2,0
US7506140B2,0
US7668896B2,0
US7640286B2,0
US20130036270A1,0
US8468405B2,0
US8966323B2,0
US7426659B2,0
US6721861B2,0
US20030188105A1,0
US8635411B2,0
US8315123B2,0
US8775754B2,0
US20130276096A1,0
US8959304B2,0
US7623893B2,0
US7058065B2,0
US8355293B2,0
US8977815B2,0
US8378861B2,0
US8639960B2,0
US8639975B2,0
US20120124346A1,0
US9058179B2,0
US9081581B2,0
US9946545B2,0
US9189432B2,0
US8458532B2,0
US9269418B2,0
US8285767B2,0
US8493120B2,0
US8193847B2,0
US8381162B2,0
US8145882B1,0
US9372798B2,0
US8339409B2,0
US8965945B2,0
US8782378B2,0
US8549257B2,0
US9176737B2,0
US8634440B2,0
US8502568B2,0
US9218793B2,0
US8578139B2,0
US9513925B2,0
US8305825B2,0
US9805447B2,0
US8601324B2,0
US8484497B2,0
US8392644B2,0
US8615687B2,0
US8456140B2,0
US8966282B2,0
US9104400B2,0
US9703966B2,0
US9032252B2,0
US8307138B2,0
US8347728B2,0
US8335908B2,0
US8218391B2,0
US8499106B2,0
US8923182B2,0
US8479033B2,0
US8578136B2,0
US9311088B2,0
US8200902B2,0
US8427245B2,0
US8421513B2,0
US8427214B2,0
US8395440B2,0
US8891886B2,0
US8504961B2,0
US8922572B2,0
US9122646B2,0
US20110276966A1,0
US8433961B2,0
US9418052B2,0
US8356119B2,0
US8116165B2,0
US8594177B2,0
US9965342B2,0
US8510356B2,0
US9009208B2,0
US8228745B2,0
US8296538B2,0
US8375170B2,0
US8756377B2,0
US8473717B2,0
US8456199B2,0
US9569365B2,0
US8922247B2,0
US8555124B2,0
US8108730B2,0
US8051323B2,0
US20110179255A1,0
US20130256908A1,0
US8484508B2,0
US8677104B2,0
US8533505B2,0
US9286222B2,0
US20110213935A1,0
US8418187B2,0
US9547596B2,0
US8358551B2,0
US8014226B2,0
US8456939B2,0
US8954715B2,0
US9996363B2,0
US9081564B2,0
US9015719B2,0
US8359588B2,0
US8456214B2,0
US8355276B2,0
US9280675B2,0
US8386980B2,0
US8301932B2,0
US8687813B2,0
US8839038B2,0
US9201749B2,0
US10572334B2,0
US10579463B2,0
US8650470B2,0
US9164842B2,0
US9448875B2,0
US8463834B2,0
US8374098B2,0
US9406155B2,0
US20110102072A1,0
US8330478B2,0
US20150186142A1,0
US9009450B2,0
US8954711B2,0
US9495163B2,0
US8976177B2,0
US9865084B2,0
US9818218B2,0
US20110202740A1,0
US8381083B2,0
US8421516B2,0
US10331404B2,0
US8959131B2,0
US20120213290A1,0
US20110093863A1,0
US8621242B2,0
US8332564B2,0
US9087017B2,0
US8924686B2,0
US9213650B2,0
US8339876B2,0
US20120204056A1,0
US8713371B2,0
US8988443B2,0
US20140237281A1,0
US8751833B2,0
US8831341B2,0
US8045401B2,0
US8990282B2,0
US8067971B2,0
US7911952B1,0
US8386890B2,0
US8260991B2,0
US8164964B2,0
US7197671B2,0
US10379989B2,0
US8533685B2,0
US8874975B2,0
US9378113B2,0
US8301856B2,0
US7936578B2,0
US9226127B2,0
US8190951B2,0
US7987407B2,0
US8499017B2,0
US10102352B2,0
US20180349570A1,0
US8285912B2,0
US8604831B2,0
US20110022802A1,0
US10521232B2,0
US9207937B2,0
US9619225B2,0
US8234489B2,0
US8185717B2,0
US8271733B2,0
US8407540B2,0
US8055883B2,0
US20100332942A1,0
US8386754B2,0
US8045402B2,0
US9639484B2,0
US9430419B2,0
US8707056B2,0
US8803898B2,0
US9753730B2,0
US9753724B2,0
US9983872B2,0
US9288258B2,0
US20100312991A1,0
US8250346B2,0
US8051275B2,0
US8977837B2,0
US8291002B2,0
US7969186B2,0
US8589631B2,0
US8874883B2,0
US10318407B2,0
US9355014B2,0
US9977675B2,0
US20130246496A1,0
US9146901B2,0
US8185791B2,0
US8788887B2,0
US10776114B2,0
US9274796B2,0
US9928065B2,0
US8154353B2,0
US8548962B2,0
US8352819B2,0
US9756352B2,0
US9760374B2,0
US8959318B2,0
US8788775B2,0
US8176366B2,0
US8407529B2,0
US8966309B2,0
US7941584B2,0
US7948816B2,0
US7986504B2,0
US8219950B2,0
US8966228B2,0
US8015337B2,0
US8006147B2,0
US8103922B2,0
US7843760B2,0
US7924056B2,0
US8922568B2,0
US9417877B2,0
US8283965B2,0
US8407025B2,0
US7920411B2,0
US8769344B2,0
US9639361B2,0
US8707106B2,0
US8713375B2,0
US20100200996A1,0
US8812997B2,0
US8706965B2,0
US8255629B2,0
US8583897B2,0
US7940546B2,0
US8725953B2,0
US8176262B2,0
US7859937B2,0
US7961490B2,0
US8422262B2,0
US9383999B2,0
US7751642B1,0
US10055237B2,0
US20180341504A1,0
US7747989B1,0
US9207958B1,0
US9632776B2,0
US8677107B2,0
US9104425B2,0
US9727343B2,0
US9804851B2,0
US8566563B2,0
US8799621B2,0
US9092215B2,0
US8250351B2,0
US8589927B2,0
US8136072B2,0
US9557994B2,0
US8000156B2,0
US8887001B2,0
US8051400B2,0
US8051401B2,0
US8050114B2,0
US7960759B2,0
US10165291B2,0
US10652563B2,0
US8397193B2,0
US8881078B2,0
US10416920B2,0
US9218183B2,0
US8051390B2,0
US8161367B2,0
US10303661B2,0
US9405939B2,0
US8452907B2,0
US20100083237A1,0
US7873896B2,0
US7065096B2,0
US7197043B2,0
US20100070257A1,0
US20100217937A1,0
US7979642B2,0
US7925840B2,0
US7893722B2,0
US7745275B2,0
US9256975B2,0
US9591319B2,0
US8327121B2,0
US8392651B2,0
US7925867B2,0
US8051271B2,0
US8661232B2,0
US8589664B2,0
US8595280B2,0
US8321726B2,0
US7757027B2,0
US8949844B2,0
US9223677B2,0
US8463966B2,0
US8601167B2,0
US8607006B2,0
US8732400B2,0
US8856408B2,0
US9477623B2,0
US8660173B2,0
US20110074800A1,0
US9881401B2,0
US20090292962A1,0
US7770078B2,0
US8140820B2,0
US8179952B2,0
US20090290624A1,0
US8194721B2,0
US8149553B2,0
US8259888B2,0
US20090289668A1,0
US8549199B2,0
US9201816B2,0
US7823019B2,0
US7945811B2,0
US20090282220A1,0
US8255673B2,0
US8001331B2,0
US20090254736A1,0
US8171386B2,0
US20090249046A1,0
US20130067284A1,0
US8230202B2,0
US7925866B2,0
US7793181B2,0
US8103918B2,0
US20090248988A1,0
US8717366B2,0
US8001283B2,0
US8532192B2,0
US8103990B2,0
US8055888B2,0
US9407931B2,0
US8055872B2,0
US9164910B2,0
US9201651B2,0
US8321861B2,0
US7925871B2,0
US8134824B2,0
US8239861B2,0
US8369526B2,0
US8661225B2,0
US8375196B2,0
US7831815B2,0
US8719553B2,0
US8719555B2,0
US8200939B2,0
US8115783B2,0
US8044971B2,0
US7925836B2,0
US8024539B2,0
US8112681B2,0
US7917735B2,0
US8037286B2,0
US7747839B2,0
US9075622B2,0
US8055950B2,0
US7805645B2,0
US7913131B2,0
US8417920B2,0
US8190973B2,0
US7917699B2,0
US8234456B2,0
US8977820B2,0
US8093938B2,0
US8441301B2,0
US8217702B2,0
US8957703B2,0
US8395433B2,0
US8059144B2,0
US20100265254A1,0
US8051320B2,0
US8392746B2,0
US20090157985A1,0
US8392663B2,0
US8145844B2,0
US7865675B2,0
US8024690B2,0
US20090138890A1,0
US20150154045A1,0
US7613053B2,0
US7688668B2,0
US9513959B2,0
US8001428B2,0
US7606108B2,0
US7870437B2,0
US7729185B2,0
US7613052B2,0
US7898278B2,0
US7977822B2,0
US7917882B2,0
US8291364B2,0
US20090108904A1,0
US20100299548A1,0
US7660186B2,0
US7991960B2,0
US8091139B2,0
US20090089510A1,0
US8930634B2,0
US9141545B2,0
US20130031314A1,0
US8131941B2,0
US8681168B2,0
US7502876B1,0
US20090063881A1,0
US20090055589A1,0
US8675681B2,0
US7496813B1,0
US8069354B2,0
US7696649B2,0
US7752424B2,0
US8352794B2,0
US20090037782A1,0
US8159491B2,0
US8429457B2,0
US8319518B2,0
US7936290B2,0
US7734974B2,0
US7863733B2,0
US8347067B2,0
US7895327B2,0
US7475303B1,0
US7613966B2,0
US8468393B2,0
US8775824B2,0
US8332660B2,0
US8122232B2,0
US7769957B2,0
US7769958B2,0
US20100110102A1,0
US7984269B2,0
US20100100704A1,0
US8497702B2,0
US8195814B2,0
US8079022B2,0
US7723867B2,0
US7839016B2,0
US7734853B2,0
US8477148B2,0
US8743135B2,0
US8928667B2,0
US8928668B2,0
US7886150B2,0
US7449922B1,0
US7605644B2,0
US8327118B2,0
US7769955B2,0
US7707390B2,0
US7805595B2,0
US7924638B2,0
US8004913B2,0
US7822926B2,0
US8675006B2,0
US7809972B2,0
US7664901B2,0
US7917701B2,0
US8195886B2,0
US8131901B2,0
US8201260B2,0
US7774723B2,0
US10867333B2,0
US20080222581A1,0
US20150154677A1,0
US8103987B2,0
US7949848B2,0
US9870230B2,0
US8144167B2,0
US8339414B2,0
US8473819B2,0
US9858169B2,0
US7937535B2,0
US7698534B2,0
US20080189487A1,0
US7558104B2,0
US20090031133A1,0
US8307426B2,0
US8509640B2,0
US7925868B2,0
US7809930B2,0
US8698820B2,0
US10755473B2,0
US8698828B2,0
US9367953B2,0
US9947131B2,0
US7571305B2,0
US7694099B2,0
US8180980B2,0
US7600077B2,0
US7495976B2,0
US7840874B2,0
US7865647B2,0
US7489178B2,0
US7673187B2,0
US7698537B2,0
US7657694B2,0
US9965886B2,0
US8769251B2,0
US7783869B2,0
US20080148022A1,0
US7516302B2,0
US8135868B2,0
US7420859B2,0
US8505002B2,0
US8255446B2,0
US20080133897A1,0
US8010849B2,0
US8448251B2,0
US20080130378A1,0
US8700688B2,0
US8352815B2,0
US7624253B2,0
US7596663B2,0
US7594203B2,0
US7650483B2,0
US7590826B2,0
US7856532B2,0
US20080126760A1,0
US7747840B2,0
US7737720B2,0
US8151055B2,0
US8418175B2,0
US7640397B2,0
US20140068371A1,0
US8621272B2,0
US8862935B2,0
US9021298B2,0
US7702055B2,0
US8619554B2,0
US7934029B2,0
US10430340B2,0
US7594079B2,0
US9092343B2,0
US9632939B2,0
US8078846B2,0
US10268481B2,0
US10768939B2,0
US9946547B2,0
US20080082793A1,0
US7484069B2,0
US7760748B2,0
US8145960B2,0
US8230277B2,0
US20080077782A1,0
US20080077777A1,0
US7873757B2,0
US8112560B2,0
US7673124B2,0
US7650479B2,0
US7990989B2,0
US7773621B2,0
US7961745B2,0
US8250411B2,0
US20120221838A1,0
US8151093B2,0
US20080061848A1,0
US20090027099A1,0
US8423752B2,0
US7647475B2,0
US8032734B2,0
US20080059722A1,0
US7568072B2,0
US7941608B2,0
US7552285B2,0
US7523420B2,0
US7529916B2,0
US7657708B2,0
US7650465B2,0
US7339842B1,0
US20090187739A1,0
US7529907B2,0
US7447883B2,0
US7529889B2,0
US20080036487A1,0
US7624215B2,0
US8086883B2,0
US7830176B2,0
US8020039B2,0
US20080022080A1,0
US10296341B2,0
US20080016326A1,0
US7711882B2,0
US7836320B2,0
US7318145B1,0
US7603605B2,0
US20090112955A1,0
US7310706B1,0
US8190665B2,0
US7627794B2,0
US7877587B2,0
US7895469B2,0
US20080147989A1,0
US7752425B2,0
US8417923B2,0
US7606057B2,0
US7855924B2,0
US7962664B2,0
US20070266385A1,0
US7797681B2,0
US20070265822A1,0
US7165257B2,0
US7765554B2,0
US7558938B2,0
US7617409B2,0
US7900019B2,0
US20090070493A1,0
US7289373B1,0
US20070239967A1,0
US7401205B1,0
US8213461B2,0
US7324368B2,0
US7721127B2,0
US7587556B2,0
US8621336B2,0
US7552363B2,0
US20070226471A1,0
US7565516B2,0
US7562258B2,0
US8037363B2,0
US20070220235A1,0
US20090019256A1,0
US10691462B2,0
US20070204139A1,0
US9851975B2,0
US7005913B2,0
US7257814B1,0
US7650605B2,0
US20080313365A1,0
US7979822B2,0
US7721073B2,0
US7721075B2,0
US7721074B2,0
US7603496B2,0
US7447099B2,0
US7721071B2,0
US7945806B2,0
US8205206B2,0
US8131942B2,0
US7082552B2,0
US7644307B2,0
US7246287B1,0
US7543207B2,0
US7248508B1,0
US7242414B1,0
US7724261B2,0
US7216242B2,0
US20080098207A1,0
US20080098208A1,0
US7809989B2,0
US8190807B2,0
US8250549B2,0
US9032188B2,0
US8549325B2,0
US7237093B1,0
US7489752B2,0
US7237090B1,0
US7734897B2,0
US20070140287A1,0
US7231551B1,0
US8106463B2,0
US8108596B2,0
US7155516B2,0
US7877481B2,0
US20110115801A1,0
US7184003B2,0
US7966466B2,0
US8010772B2,0
US8037287B2,0
US9519538B2,0
US7707394B2,0
US7808273B2,0
US7660969B2,0
US7681014B2,0
US20090132841A1,0
US7496771B2,0
US7562191B2,0
US7899993B2,0
US8667199B2,0
US7769936B2,0
US7937626B2,0
US8099635B2,0
US20070094639A1,0
US8145958B2,0
US7840001B2,0
US7263015B2,0
US20090307770A1,0
US20100306513A1,0
US7734901B2,0
US7711934B2,0
US20070101064A1,0
US7814302B2,0
US7895417B2,0
US8151126B2,0
US20090249351A1,0
US20090271592A1,0
US7509447B2,0
US7631130B2,0
US20070085585A1,0
US7514975B2,0
US7616041B2,0
US7913120B2,0
US7206982B1,0
US20080201592A1,0
US8171191B2,0
US7743366B2,0
US7689735B2,0
US8572329B2,0
US20070079070A1,0
US8291244B2,0
US8160861B2,0
US20110055497A1,0
US7197625B1,0
US7793077B2,0
US8219885B2,0
US8271750B2,0
US7797518B2,0
US7194582B1,0
US7480769B2,0
US20070052704A1,0
US20100122044A1,0
US7496899B2,0
US7668892B2,0
US20100259895A1,0
US20070043930A1,0
US8561169B2,0
US20080162965A1,0
US8036854B2,0
US8275579B2,0
US7873820B2,0
US7181728B1,0
US20070038431A1,0
US7178133B1,0
US7177985B1,0
US7506106B2,0
US7509459B2,0
US7512740B2,0
US7533220B2,0
US7664920B2,0
US7822943B2,0
US8078806B2,0
US7958335B2,0
US8417915B2,0
US9378175B2,0
US8200948B2,0
US20070028078A1,0
US20070028051A1,0
US9256732B2,0
US7168066B1,0
US7805557B2,0
US20170075688A1,0
US7162615B1,0
US7529915B2,0
US9047093B2,0
US9519507B2,0
US20070011492A1,0
US8478947B2,0
US20070011364A1,0
US20070016832A1,0
US7159101B1,0
US7797520B2,0
US7472225B2,0
US7467304B2,0
US20060294236A1,0
US7730545B2,0
US7260001B2,0
US7574314B2,0
US8271730B2,0
US20090006806A1,0
US8045573B2,0
US20060294370A1,0
US7149878B1,0
US7509480B2,0
US20060271766A1,0
US7793082B2,0
US8006008B2,0
US7844800B2,0
US20060262928A1,0
US7761665B2,0
US8468394B2,0
US20060253677A1,0
US7653795B2,0
US8234326B2,0
US8229991B2,0
US7920584B2,0
US7886098B2,0
US7134116B1,0
US8185879B2,0
US7437544B2,0
US7401329B2,0
US7330994B2,0
US7434072B2,0
US7447885B2,0
US7447882B2,0
US7587444B2,0
US20090031082A1,0
US7627770B2,0
US7600135B2,0
US20060236074A1,0
US20060232826A1,0
US7124072B1,0
US8185724B2,0
US7262631B2,0
US8132254B2,0
US7434007B2,0
US7558895B2,0
US7293212B2,0
US7389459B2,0
US20060218124A1,0
US7308623B2,0
US7657883B2,0
US7437400B2,0
US7180348B2,0
US7650524B2,0
US7107551B1,0
US7594202B2,0
US7434119B2,0
US7701240B2,0
US7234043B2,0
US8006144B2,0
US7599981B2,0
US7788417B2,0
US7861095B2,0
US7876634B2,0
US7802040B2,0
US7752627B2,0
US7490230B2,0
US8078840B2,0
US20090046820A1,0
US20060174155A1,0
US7373550B2,0
US7154317B2,0
US7814297B2,0
US7076392B1,0
US7664936B2,0
US7924858B2,0
US7069544B1,0
US7770156B2,0
US20060136783A1,0
US7433911B2,0
US7401107B2,0
US9158941B2,0
US7065675B1,0
US8219379B2,0
US7680272B2,0
US7644399B2,0
US8015231B2,0
US7508836B2,0
US8099556B2,0
US7055070B1,0
US7185234B1,0
US7412630B2,0
US7644319B2,0
US7447946B2,0
US20060112262A1,0
US7725695B2,0
US7627807B2,0
US7050958B1,0
US8266482B2,0
US7774582B2,0
US20060107047A1,0
US7146491B2,0
US7863778B2,0
US20090313455A1,0
US7043668B1,0
US7035997B1,0
US7836288B2,0
US7343482B2,0
US7685404B2,0
US7350055B2,0
US7318143B2,0
US7401210B2,0
US7035998B1,0
US8041897B2,0
US7032226B1,0
US7661112B2,0
US7873810B2,0
US7219178B2,0
US7020879B1,0
US7467385B2,0
US7900207B2,0
US7926062B2,0
US8468540B2,0
US7793078B2,0
US8762744B2,0
US7017025B1,0
US20090119492A1,0
US7620832B2,0
US7743294B2,0
US7949914B2,0
US7533241B2,0
US7506091B2,0
US20070162651A1,0
US7003630B1,0
US7143221B2,0
US7290075B2,0
US7822884B2,0
US6996596B1,0
US6993469B1,0
US10019820B2,0
US10657681B2,0
US20070146378A1,0
US7630388B2,0
US20090043956A1,0
US6987405B1,0
US7546642B2,0
US7315937B2,0
US8041930B2,0
US7308631B2,0
US20050283593A1,0
US20050273677A1,0
US7213092B2,0
US7353297B2,0
US7254658B2,0
US7447726B2,0
US20060149911A1,0
US20070079305A1,0
US7769982B2,0
US7926021B2,0
US6966012B1,0
US20070055813A1,0
US6999354B2,0
US7085874B2,0
US7254667B2,0
US6999900B2,0
US7315600B2,0
US7607133B2,0
US7930526B2,0
US7802080B2,0
US7191293B2,0
US20050210328A1,0
US7251751B2,0
US7356553B2,0
US7599974B2,0
US20050210089A1,0
US7386580B2,0
US7761280B2,0
US8015228B2,0
US8965946B2,0
US7747667B2,0
US20090210678A1,0
US7706172B2,0
US7647480B2,0
US20060150154A1,0
US7444271B2,0
US20080180152A1,0
US20080275689A1,0
US8769307B2,0
US7613911B2,0
US7421635B2,0
US7761763B2,0
US7370180B2,0
US7444447B2,0
US20060294319A1,0
US7831806B2,0
US8190801B2,0
US7080178B2,0
US7707389B2,0
US8180620B2,0
US7117284B2,0
US7005910B2,0
US20050154859A1,0
US7657587B2,0
US20060253842A1,0
US7181556B2,0
US7475394B2,0
US7002258B2,0
US7149862B2,0
US7240144B2,0
US7221205B2,0
US7213095B2,0
US8102402B2,0
US8289343B2,0
US6883156B1,0
US20050182863A1,0
US7949835B2,0
US6957402B2,0
US7111126B2,0
US6871298B1,0
US20050050524A1,0
US7194599B2,0
US7287147B1,0
US7698533B2,0
US7886129B2,0
US7334161B2,0
US20050033939A1,0
US7134031B2,0
US6924687B2,0
US7053675B2,0
US7920139B2,0
US8199146B2,0
US20050052441A1,0
US8345051B2,0
US6836833B1,0
US7509456B2,0
US7668897B2,0
US7420970B2,0
US6934213B2,0
US6941525B2,0
US7240268B2,0
US7350005B2,0
US7743238B2,0
US20040225866A1,0
US7165729B2,0
US7866560B2,0
US7444546B2,0
US7197680B2,0
US7412633B2,0
US7278073B2,0
US7831817B2,0
US20090213673A1,0
US7055007B2,0
US7260694B2,0
US7533226B2,0
US7072229B2,0
US7320091B2,0
US7337356B2,0
US6944067B2,0
US7162661B2,0
US7278080B2,0
US7310755B2,0
US7401273B2,0
US7650551B2,0
US7539853B2,0
US8086829B2,0
US7343481B2,0
US6976126B2,0
US6789098B1,0
US7152186B2,0
US6785179B1,0
US7206884B2,0
US7089174B2,0
US7231476B2,0
US7299340B2,0
US7228457B2,0
US6788615B2,0
US6865119B2,0
US6833624B2,0
US7321942B2,0
US7080299B2,0
US7360061B2,0
US7124261B2,0
US7228543B2,0
US7181633B2,0
US7194647B2,0
US7283930B2,0
US7315796B2,0
US7600141B2,0
US7131015B2,0
US7512820B2,0
US7231531B2,0
US8347131B2,0
US7383587B2,0
US7171539B2,0
US7822955B2,0
US7249270B2,0
US7805550B2,0
US7444257B2,0
US6760798B1,0
US7302552B2,0
US20060117167A1,0
US7134003B2,0
US7313677B2,0
US7426629B2,0
US6754804B1,0
US6750712B1,0
US7370210B2,0
US7661105B2,0
US7949866B2,0
US7305534B2,0
US7124274B2,0
US7305712B2,0
US7849310B2,0
US7243206B2,0
US7194385B2,0
US6732208B1,0
US6732259B1,0
US7490030B2,0
US7647489B2,0
US7350058B2,0
US6728859B1,0
US7110934B2,0
US7016930B2,0
US6718294B1,0
US6851033B2,0
US8250309B2,0
US6714197B1,0
US7085978B2,0
US7024543B2,0
US20040054864A1,0
US6981131B2,0
US7647368B2,0
US6701427B1,0
US6696852B1,0
US6697832B1,0
US6941442B2,0
US6904500B2,0
US7882293B2,0
US7131118B2,0
US7599998B2,0
US20050198422A1,0
US7328391B2,0
US7069176B2,0
US7174472B2,0
US20050125631A1,0
US20050125647A1,0
US7219214B2,0
US7210023B2,0
US7761693B2,0
US20050125638A1,0
US7689811B2,0
US20050198473A1,0
US7145480B2,0
US20050125636A1,0
US7822947B2,0
US6958718B2,0
US20050125635A1,0
US7219215B2,0
US6879511B2,0
US6681283B1,0
US7149933B2,0
US7325168B2,0
US7549059B2,0
US8171311B2,0
US7415263B2,0
US6674661B1,0
US8082589B2,0
US7849296B2,0
US7185159B2,0
US7487367B2,0
US7340573B2,0
US7325083B2,0
US20070255516A1,0
US7142996B2,0
US7330798B2,0
US7363176B2,0
US7448050B2,0
US7005889B2,0
US6651160B1,0
US7856346B2,0
US7269759B2,0
US7509502B2,0
US6640330B1,0
US7236995B2,0
US7945607B2,0
US6961819B2,0
US7634619B2,0
US20030204705A1,0
US6950951B2,0
US7426320B2,0
US6643736B1,0
US6816943B2,0
US7099813B2,0
US8106921B2,0
US8421821B2,0
US6978358B2,0
US6625737B1,0
US6976178B1,0
US7216332B2,0
US7062689B2,0
US6618311B1,0
US8010726B2,0
US20050005073A1,0
US7162590B2,0
US7549024B2,0
US6606721B1,0
US20060117229A1,0
US7080289B2,0
US20030149902A1,0
US20030149841A1,0
US7788472B2,0
US7231507B2,0
US7447871B2,0
US6604159B1,0
US7159153B2,0
US7117277B2,0
US7069376B2,0
US20040255102A1,0
US7120779B2,0
US20020069402A1,0
US7134119B2,0
US6304963B1,0
US20020065860A1,0
US6092187A,0
US6425076B1,0
US7093108B2,0
US6731135B2,0
US5590294A,0
US6369619B1,0
US7058064B2,0
US7551626B2,0
US7715410B2,0
US7043467B1,0
US6617925B2,0
US6976180B2,0
US6477695B1,0
US20040004872A1,0
US6862721B2,0
US6973605B1,0
US6445049B1,0
US6044481A,0
US5870574A,0
US5555384A,0
US6532553B1,0
US6366978B1,0
US6314443B1,0
US6338135B1,0
US5881257A,0
US5881259A,0
US5748515A,0
US5969975A,0
US5881263A,0
US5519854A,0
US5563835A,0
US6876941B2,0
US7366650B2,0
US6831952B2,0
US6853968B2,0
US7627462B2,0
US5981987A,0
US6307222B1,0
US6570195B2,0
US6990569B2,0
US7487332B2,0
US7487339B2,0
US7925864B2,0
US8181000B2,0
US6043698A,0
US5917771A,0
US6035383A,0
US5905684A,0
US5280449A,0
US5386563A,0
US5999482A,0
US5965925A,0
US20070074014A1,0
US7139901B2,0
US5933650A,0
US6266758B1,0
US5864703A,0
US7159100B2,0
US7546443B2,0
US8074058B2,0
US20120082167A1,0
US7415531B2,0
US8077734B2,0
US5883854A,0
US5881008A,0
US7107439B2,0
US5491702A,0
US5524245A,0
US7042887B2,0
US7280548B2,0
US5961631A,0
US6177709B1,0
US6826681B2,0
US7281123B2,0
US7739484B2,0
US7076630B2,0
US7649901B2,0
US8081645B2,0
US6842849B2,0
US20020188432A1,0
US5968192A,0
US6018794A,0
US5889715A,0
US5886929A,0
US7711926B2,0
US6432726B2,0
US6639286B2,0
US6058439A,0
US5935197A,0
US6643759B2,0
US6742165B2,0
US5918058A,0
US7039060B2,0
US7581091B2,0
US7895423B2,0
US8209522B2,0
US5883834A,0
US7181484B2,0
US7225212B2,0
US7860911B2,0
US7711763B2,0
US7237097B2,0
US7162621B2,0
US7617388B2,0
US8447958B2,0
US7020768B2,0
US7093236B2,0
US6742012B2,0
US6691270B2,0
US5784602A,0
US7076771B2,0
US5289021A,0
US7139898B1,0
US7406586B2,0
US7636836B2,0
US3452312A,0
US5479630A,0
US6550047B1,0
US6446250B1,0
US6525954B2,0
US6542396B1,0
US6569714B2,0
US7707391B2,0
US6222791B1,0
US6584532B1,0
US5572713A,0
US5670898A,0
US5068548A,0
US5055716A,0
US5341041A,0
US6446171B1,0
US5754826A,0
US5701493A,0
US6430655B1,0
US6513053B1,0
US6550005B1,0
US6278334B1,0
US5542062A,0
US5699551A,0
US5732242A,0
US6240488B1,0
US7127586B2,0
US7386701B2,0
US6188248B1,0
US6448817B2,0
US6393500B1,0
US6490642B1,0
US6493776B1,0
US6473864B1,0
US7346643B1,0
US8024393B2,0
US6912559B1,0
US6542916B1,0
US5464173A,0
US6564301B1,0
US6411957B1,0
US6172530B1,0
US6321329B1,0
US6343358B1,0
US6446221B1,0
US6345354B1,0
US20020108022A1,0
US6389449B1,0
US6789100B2,0
US7765546B2,0
US6367059B1,0
US5636227A,0
US6218879B1,0
US6094705A,0
US6411958B1,0
US6598150B2,0
US6504495B1,0
US5619672A,0
US5504698A,0
US6292888B1,0
US6477562B2,0
US6292927B1,0
US7107585B2,0
US5510934A,0
US5740402A,0
US5526504A,0
US5604909A,0
US5954815A,0
US6247124B1,0
US6691221B2,0
US5493523A,0
US5572704A,0
US5632025A,0
US5537538A,0
US6177691B1,0
US6448631B2,0
US6594813B1,0
US6148314A,0
US6115729A,0
US6064626A,0
US6597613B1,0
US6356995B2,0
US6101573A,0
US6324629B1,0
US6170001B1,0
US6189094B1,0
US6247113B1,0
US6282634B1,0
US6332186B1,0
US6360189B1,0
US6289417B1,0
US6108682A,0
US6216222B1,0
US7017030B2,0
US5568442A,0
US6072730A,0
US5450607A,0
US6552949B1,0
US20030126374A1,0
US7269766B2,0
US6883102B2,0
US6034545A,0
US6016390A,0
US6470304B1,0
US6915251B2,0
US6944582B2,0
US6782452B2,0
US5696958A,0
US6629118B1,0
US6598061B1,0
US6272033B1,0
US6236342B1,0
US6304198B1,0
US6490655B1,0
US6684302B2,0
US7020751B2,0
US6345335B1,0
US6418491B1,0
US6353879B1,0
US6463488B1,0
US20040199889A1,0
US6140843A,0
US6415365B1,0
US6259459B1,0
US6052774A,0
US6002881A,0
US6021476A,0
US5887129A,0
US5951630A,0
US5764173A,0
US5774083A,0
US5809037A,0
US5875465A,0
US6069611A,0
US5918042A,0
US5860102A,0
US5737583A,0
US5802598A,0
US5960186A,0
US5623646A,0
US5717892A,0
US5748518A,0
US5512851A,0
US5627988A,0
US5642479A,0
US5583804A,0
US5757819A,0
US5758115A,0
US6021265A,0
USRE43248E1,0
US5579526A,0
US5568646A,0
US5740461A,0
US6405321B1,0
US5610927A,0
US5557563A,0
US5528529A,0
US5675615A,0
US5602787A,0
US5737625A,0
US5732278A,0
US5506976A,0
US5459691A,0
US5434823A,0
US5749094A,0
US5754816A,0
US5961633A,0
US5525971A,0
US5680599A,0
US5642487A,0
US5680643A,0
US5426448A,0
US5574925A,0
US7178011B2,0
US20050257037A1,0
US7386709B2,0
US7315875B2,0
US8176286B2,0
US10223288B2,0
US10331574B2,0
US11188999B2,0
US20160283408A1,0
US8327034B2,0
US7328295B2,0
US7661104B2,0
US20040153762A1,0
US7406585B2,0
US7676652B2,0
US7047401B2,0
US7490221B2,0
US7003699B2,0
US7134117B2,0
US6959351B2,0
US6952761B2,0
US6826670B2,0
US6883085B2,0
US6965984B2,0
US7089539B2,0
US7162611B2,0
US6907515B2,0
US6895056B2,0
US7089393B2,0
US6708317B2,0
US6779143B2,0
US6892257B2,0
US6904517B2,0
US6424179B1,0
US20030204830A1,0
US6918103B2,0
US20020047739A1,0
US6671779B2,0
US6954828B2,0
US7000094B2,0
US7003652B2,0
US20020083302A1,0
US7260711B2,0
US6999985B2,0
US7031337B2,0
US6795841B2,0
US6687771B2,0
US7016370B2,0
US6910206B1,0
US5828852A,0
US20220035679A1,0
US20220021741A1,0
US20220019642A1,0
US20220020108A1,0
US20220021739A1,0
US20220019486A1,0
US20220022349A1,0
US20220027283A1,0
US20220026490A1,0
US20220027191A1,0
US20220027281A1,0
US20220036577A1,0
US20220036499A1,0
US20220035890A1,0
US20220036497A1,0
US20220035740A1,0
US20220038101A1,0
US20220036938A1,0
US20220038270A1,0
US20220044469A1,0
US20220043631A1,0
US11250611B1,0
US11249908B1,0
US20220052999A1,0
US20220051704A1,0
US20220050909A1,0
US20220050906A1,0
US20220058270A1,0
US20220057824A1,0
US20220058121A1,0
US20220060313A1,0
US20220060481A1,0
US20220058275A1,0
US11262834B1,0
US20220067203A1,0
US20220068346A1,0
US20220066840A1,0
US20220068243A1,0
US11269634B2,0
US11270492B2,0
US11270412B2,0
US11269773B2,0
US11269799B2,0
US11269649B2,0
US11269646B2,0
US11275426B2,0
US11275996B2,0
US11275401B2,0
US11275670B2,0
US11275607B2,0
US11281434B2,0
US11283668B2,0
US11281403B2,0
US11283729B2,0
US11281467B2,0
US11281428B2,0
US11281473B2,0
US11288209B2,0
US11288066B2,0
US11288207B2,0
US11288433B2,0
US11288432B2,0
US11289133B2,0
US11288195B2,0
US11294828B2,0
US11294676B2,0
US11294989B2,0
US11295053B2,0
US11297562B2,0
US11294787B2,0
US11301252B2,0
US11301973B2,0
US11303697B2,0
US11301253B2,0
US11308573B2,0
US11307856B2,0
US11308682B2,0
US11310169B2,0
US11307244B2,0
US11308570B2,0
US11308699B2,0
US11307855B2,0
US11314675B2,0
US11314648B2,0
US11314509B2,0
US11314514B2,0
US11314641B2,0
US11315654B2,0
US11314658B2,0
US11315303B2,0
US11315927B2,0
US11314676B2,0
US11321051B2,0
US11321604B2,0
US11323678B2,0
US11321222B2,0
US11323254B2,0
US11327791B2,0
US11327752B2,0
US11327903B2,0
US11329690B2,0
US11327687B2,0
US11334788B2,0
US11334486B2,0
US11334499B2,0
US11334627B2,0
US11334361B2,0
US11334495B2,0
US11334345B2,0
US20220156301A1,0
US20220156531A1,0
US20220156078A1,0
US20220083696A1,0
US20220066207A1,0
US20220067301A1,0
US20220129534A1,0
US20210343136A1,0
US20220137873A1,0
US20220121445A1,0
US20220103634A1,0
US20220100673A1,0
US20220103656A1,0
US20220109980A1,0
US20220086045A1,0
US20220103434A1,0
US20220078602A1,0
US20210195418A1,0
US11276137B1,0
US11288850B1,0
US20220147416A1,0
US11328750B1,0
US11314645B1,0
US20220147459A1,0
US20220147679A1,0
US20220138551A1,0
US20220129321A1,0
US20220126837A1,0
US20220129245A1,0
US20220129744A1,0
US20220129186A1,0
US20220130816A1,0
US20220123751A1,0
US11322197B1,0
US20220121927A1,0
US11315628B1,0
US20220124074A1,0
US20220123737A1,0
US20220122655A1,0
US20220114102A1,0
US20220114761A1,0
US20220115148A1,0
US20220113960A1,0
US20220107807A1,0
US20220107901A1,0
US20220107894A1,0
US20220107898A1,0
US20220100496A1,0
US20220100859A1,0
US20220099836A1,0
US20220101085A1,0
US20220100666A1,0
US20220092409A1,0
US20220091886A1,0
US20220092404A1,0
US20220084561A1,0
US20220077134A1,0
US11294817B2,0
US11280832B1,0
US20220077857A1,0
US20220075901A1,0
US11321803B2,0
US20220068813A1,0
US20220066739A1,0
US20220067589A1,0
US11277133B1,0
US11327786B2,0
US11133466B1,0
US20210304041A1,0
US11201276B2,0
US20210226124A1,0
US11258010B2,0
US20210066593A1,0
US11294926B1,0
US10325359B2,0
US20140023070A1,0
US9548783B2,0
US9198134B2,0
US9461689B2,0
US9553626B2,0
US9241315B2,0
US9124131B2,0
US8773083B2,0
US8340166B2,0
US8335246B2,0
US8340168B2,0
US8779901B2,0
US9461688B2,0
US9198133B2,0
US9564939B2,0
US9544004B2,0
US9237526B2,0
US9602793B2,0
US8443170B2,0
US8922573B1,0
US8970744B2,0
US8498493B1,0
US20080235490A1,0
US20070186076A1,0
US20070237233A1,0
US7805638B2,0
US7577874B2,0
US20070169022A1,0
US20070124565A1,0
US7673275B2,0
US7406584B2,0
US7945803B2,0
US20070038782A1,0
US7801033B2,0
US6539543B1,0
US6588009B1,0
US5751649A,0
US5717633A,0
US6034908A,0
US20130159578A1,0
US20200202195A1,0
US20200184309A1,0
US20210034979A1,0
US20200034262A1,0
US11080062B2,0
US10642501B1,0
US20200264783A1,0
US20190138308A1,0
US10846089B2,0
US20190065199A1,0
US20190065201A1,0
US20190065202A1,0
US10782977B2,0
US20170293646A1,0
US20170293556A1,0
US10649773B2,0
US20170123792A1,0
US10664280B2,0
US20170373836A1,0
US10372453B2,0
US20170277539A1,0
US10185665B2,0
US9830275B2,0
US10459725B2,0
US10025527B2,0
US10642527B2,0
US20170010819A1,0
US10360037B2,0
US20160117250A1,0
US10108548B2,0
US20150227371A1,0
US10768930B2,0
US20150227366A1,0
US10423417B2,0
US9064076B1,0
US10318172B2,0
US9870225B2,0
US10671391B2,0
US9740557B2,0
US9367286B2,0
US9740454B2,0
US10318304B2,0
US20140258697A1,0
US10540179B2,0
US9189412B2,0
US10048967B2,0
US9135067B2,0
US9563476B2,0
US9940168B2,0
US20140244977A1,0
US9720840B2,0
US10379861B2,0
US9898293B2,0
US20140281413A1,0
US20140250289A1,0
US20140244987A1,0
US20140258667A1,0
US9361242B2,0
US9424203B2,0
US9934039B2,0
US20170220353A1,0
US9652240B2,0
US20150154022A1,0
US8982901B2,0
US9705806B2,0
US8942317B2,0
US10534614B2,0
US20150058574A1,0
US8239620B2,0
US8789042B2,0
US9086906B2,0
US10001997B2,0
US9558001B2,0
US8693561B2,0
US20130159667A1,0
US8737545B2,0
US9235510B2,0
US10261798B2,0
US9792123B2,0
US9886212B2,0
US10678695B2,0
US9292450B2,0
US9612968B2,0
US9858194B2,0
US9395991B2,0
US9910672B2,0
US9304934B2,0
US9672039B2,0
US9086721B2,0
US9606834B2,0
US10754778B2,0
US9658962B2,0
US9298467B2,0
US9645945B2,0
US8842791B2,0
US9824003B2,0
US8996847B2,0
US9727380B2,0
US20140047218A1,0
US7424599B2,0
US7849297B2,0
US9032404B2,0
US7418585B2,0
US7836450B2,0
US7870553B2,0
US7376954B2,0
US20050050305A1,0
US8266620B2,0
US7711931B2,0
US7321965B2,0
US7610473B2,0
US7694304B2,0
US7594089B2,0
US7676660B2,0
US7676664B2,0
US7725689B2,0
US7725697B2,0
US7730291B2,0
US8145884B2,0
US7853777B2,0
US7613904B2,0
US7657891B2,0
US8151268B2,0
US9128700B2,0
US9436470B2,0
US20010052053A1,0
US7644237B1,0
US8037253B2,0
US10360038B2,0
US9189241B2,0
US8234455B2,0
US9075724B2,0
US9703709B2,0
US20090080651A1,0
US10318296B2,0
US9612844B2,0
US20080320233A1,0
US7739455B2,0
US20080189528A1,0
US20130061060A1,0
US20080177990A1,0
US20080155345A1,0
US8775875B2,0
US9720695B2,0
US8560813B2,0
US7370178B1,0
US7774549B2,0
US8725950B2,0
US20080082801A1,0
US9348600B2,0
US9870228B2,0
US7600100B2,0
US7634638B1,0
US8190865B2,0
US7181600B1,0
US7185183B1,0
US6631392B1,0
US20020116431A1,0
US20070089095A1,0
US7558939B2,0
US7925859B2,0
US10437598B2,0
US20050182903A1,0
US7594097B2,0
US20070283108A1,0
US7712101B2,0
US20040085082A1,0
US6523104B2,0
US7000095B2,0
US8171262B2,0
US6651156B1,0
US5036429A,0
US5136467A,0
US5184282A,0
US5101117A,0
US5237671A,0
US5325507A,0
US5734877A,0
US5978926A,0
US7552261B2,0
US5309382A,0
US5574877A,0
US4814976C1,0
US5317601A,0
US5408664A,0
US5301153A,0
US5327381A,0
US5297092A,0
US5386562A,0
US4805098A,0
US4959779A,0
US4953073A,0
US5113506A,0
US5420992A,0
US5568630A,0
US5263140A,0
US5285116A,0
US5398328A,0
US5056110A,0
US5307477A,0
US5111464A,0
US5179670A,0
US5226133A,0
US6266755B1,0
US6216200B1,0
US5758112A,0
US6594728B1,0
US5027270A,0
US4879676A,0
US4766480A,0
US4780603A,0
US4794243A,0
US20040030864A1,0
US8209520B2,0
US20070168649A1,0
US7269713B2,0
US7337303B2,0
US5396617A,0
